{"cameraMode":{"drawMode":0,"name":"Shaded","section":"Shading Mode"},"sceneLighting":false,"audioPlay":false,"sceneViewState":{"showFog":true,"showMaterialUpdate":false,"showSkybox":false,"showFlares":true,"showImageEffects":true,"showParticleSystems":true},"in2DMode":false,"pivot":{"x":-0.1954188346862793,"y":0.7070388793945313,"z":0.9642171859741211},"rotation":{"x":-0.39631667733192446,"y":-0.16899487376213075,"z":0.07468907535076142,"w":-0.8994501233100891},"size":10.0,"orthographic":false}