{"cameraMode":{"drawMode":0,"name":"Shaded","section":"Shading Mode"},"sceneLighting":true,"audioPlay":false,"sceneViewState":{"showFog":true,"showMaterialUpdate":false,"showSkybox":true,"showFlares":true,"showImageEffects":true,"showParticleSystems":true},"in2DMode":false,"pivot":{"x":1.21500563621521,"y":-1.0541459321975709,"z":2.986088752746582},"rotation":{"x":-0.1908777505159378,"y":-0.09971824288368225,"z":0.01970542035996914,"w":-0.9764597415924072},"size":11.852886199951172,"orthographic":false}