{"cameraMode":{"drawMode":0,"name":"Shaded","section":"Shading Mode"},"sceneLighting":false,"audioPlay":false,"sceneViewState":{"showFog":true,"showMaterialUpdate":false,"showSkybox":false,"showFlares":true,"showImageEffects":true,"showParticleSystems":true},"in2DMode":false,"pivot":{"x":17.343029022216798,"y":-7.3593597412109379,"z":-7.703159332275391},"rotation":{"x":0.08613377064466477,"y":0.7589837908744812,"z":-0.10265099257230759,"w":0.637249767780304},"size":21.95903205871582,"orthographic":false}