{"cameraMode":{"drawMode":0,"name":"Shaded","section":"Shading Mode"},"sceneLighting":true,"audioPlay":false,"sceneViewState":{"showFog":true,"showMaterialUpdate":false,"showSkybox":true,"showFlares":true,"showImageEffects":true,"showParticleSystems":true},"in2DMode":false,"pivot":{"x":752.0443115234375,"y":10.010940551757813,"z":-23.485239028930665},"rotation":{"x":-0.3690165579319,"y":0.005490527488291264,"z":0.002892632968723774,"w":0.9294552206993103},"size":42.68521499633789,"orthographic":false}