{"cameraMode":{"drawMode":0,"name":"Shaded","section":"Shading Mode"},"sceneLighting":true,"audioPlay":false,"sceneViewState":{"showFog":true,"showMaterialUpdate":false,"showSkybox":true,"showFlares":true,"showImageEffects":true,"showParticleSystems":true},"in2DMode":false,"pivot":{"x":0.9516980051994324,"y":0.9268345832824707,"z":3.073578357696533},"rotation":{"x":-0.19007942080497743,"y":-0.041820213198661807,"z":0.007970127277076245,"w":-0.9809367656707764},"size":9.93974494934082,"orthographic":false}